Workbook
Name _AUTO_SIZE_: 'V1'!$J$4
Name _IGNORE_SHEET_: 'MX-GRID 사용 안내'!$B$19
Name VS_ORD_STS: 'P1'!$C$8

Sheet V1
B2: 1. 배송 정보
B4: 주문 번호 | C4: 고객 ID | D4: 주문 상태 | E4: 주문 시각 | F4: 결제 승인 시각 | G4: 택배 출고 시각 | H4: 배송 완료 시각 | I4: 예상 배송 완료일 | J4: 비고
B5: =IFERROR(IF('D1'!A2="", "", 'D1'!A2), "") -> e481f51cbdc54678b7cc49136f2d6af7 | C5: =IFERROR(IF('D1'!B2="", "", 'D1'!B2), "") -> 9ef432eb6251297304e76186b10a928d | D5: =IFERROR(IF('D1'!C2="", "", 'D1'!C2), "") -> delivered | E5: =IFERROR(IF('D1'!D2="", "", 'D1'!D2), "") -> 43010.456 | F5: =IFERROR(IF('D1'!E2="", "", 'D1'!E2), "") -> 43010.463 | G5: =IFERROR(IF('D1'!F2="", "", 'D1'!F2), "") -> 43012.83 | H5: =IFERROR(IF('D1'!G2="", "", 'D1'!G2), "") -> 43018.893 | I5: =IFERROR(IF('D1'!H2="", "", 'D1'!H2), "") -> 43026
B6: =IFERROR(IF('D1'!A3="", "", 'D1'!A3), "") -> 53cdb2fc8bc7dce0b6741e2150273451 | C6: =IFERROR(IF('D1'!B3="", "", 'D1'!B3), "") -> b0830fb4747a6c6d20dea0b8c802d7ef | D6: =IFERROR(IF('D1'!C3="", "", 'D1'!C3), "") -> delivered | E6: =IFERROR(IF('D1'!D3="", "", 'D1'!D3), "") -> 43305.862 | F6: =IFERROR(IF('D1'!E3="", "", 'D1'!E3), "") -> 43307.142 | G6: =IFERROR(IF('D1'!F3="", "", 'D1'!F3), "") -> 43307.605 | H6: =IFERROR(IF('D1'!G3="", "", 'D1'!G3), "") -> 43319.644 | I6: =IFERROR(IF('D1'!H3="", "", 'D1'!H3), "") -> 43325
B7: =IFERROR(IF('D1'!A4="", "", 'D1'!A4), "") -> 47770eb9100c2d0c44946d9cf07ec65d | C7: =IFERROR(IF('D1'!B4="", "", 'D1'!B4), "") -> 41ce2a54c0b03bf3443c3d931a367089 | D7: =IFERROR(IF('D1'!C4="", "", 'D1'!C4), "") -> delivered | E7: =IFERROR(IF('D1'!D4="", "", 'D1'!D4), "") -> 43320.36 | F7: =IFERROR(IF('D1'!E4="", "", 'D1'!E4), "") -> 43320.372 | G7: =IFERROR(IF('D1'!F4="", "", 'D1'!F4), "") -> 43320.576 | H7: =IFERROR(IF('D1'!G4="", "", 'D1'!G4), "") -> 43329.755 | I7: =IFERROR(IF('D1'!H4="", "", 'D1'!H4), "") -> 43347
B8: =IFERROR(IF('D1'!A5="", "", 'D1'!A5), "") -> 949d5b44dbf5de918fe9c16f97b45f8a | C8: =IFERROR(IF('D1'!B5="", "", 'D1'!B5), "") -> f88197465ea7920adcdbec7375364d82 | D8: =IFERROR(IF('D1'!C5="", "", 'D1'!C5), "") -> delivered | E8: =IFERROR(IF('D1'!D5="", "", 'D1'!D5), "") -> 43057.811 | F8: =IFERROR(IF('D1'!E5="", "", 'D1'!E5), "") -> 43057.824 | G8: =IFERROR(IF('D1'!F5="", "", 'D1'!F5), "") -> 43061.569 | H8: =IFERROR(IF('D1'!G5="", "", 'D1'!G5), "") -> 43071.02 | I8: =IFERROR(IF('D1'!H5="", "", 'D1'!H5), "") -> 43084
B9: =IFERROR(IF('D1'!A6="", "", 'D1'!A6), "") -> ad21c59c0840e6cb83a9ceb5573f8159 | C9: =IFERROR(IF('D1'!B6="", "", 'D1'!B6), "") -> 8ab97904e6daea8866dbdbc4fb7aad2c | D9: =IFERROR(IF('D1'!C6="", "", 'D1'!C6), "") -> delivered | E9: =IFERROR(IF('D1'!D6="", "", 'D1'!D6), "") -> 43144.888 | F9: =IFERROR(IF('D1'!E6="", "", 'D1'!E6), "") -> 43144.931 | G9: =IFERROR(IF('D1'!F6="", "", 'D1'!F6), "") -> 43145.824 | H9: =IFERROR(IF('D1'!G6="", "", 'D1'!G6), "") -> 43147.762 | I9: =IFERROR(IF('D1'!H6="", "", 'D1'!H6), "") -> 43157
B10: =IFERROR(IF('D1'!A7="", "", 'D1'!A7), "") -> a4591c265e18cb1dcee52889e2d8acc3 | C10: =IFERROR(IF('D1'!B7="", "", 'D1'!B7), "") -> 503740e9ca751ccdda7ba28e9ab8f608 | D10: =IFERROR(IF('D1'!C7="", "", 'D1'!C7), "") -> delivered | E10: =IFERROR(IF('D1'!D7="", "", 'D1'!D7), "") -> 42925.915 | F10: =IFERROR(IF('D1'!E7="", "", 'D1'!E7), "") -> 42925.924 | G10: =IFERROR(IF('D1'!F7="", "", 'D1'!F7), "") -> 42927.624 | H10: =IFERROR(IF('D1'!G7="", "", 'D1'!G7), "") -> 42942.457 | I10: =IFERROR(IF('D1'!H7="", "", 'D1'!H7), "") -> 42948
B11: =IFERROR(IF('D1'!A8="", "", 'D1'!A8), "") -> 6514b8ad8028c9f2cc2374ded245783f | C11: =IFERROR(IF('D1'!B8="", "", 'D1'!B8), "") -> 9bdf08b4b3b52b5526ff42d37d47f222 | D11: =IFERROR(IF('D1'!C8="", "", 'D1'!C8), "") -> delivered | E11: =IFERROR(IF('D1'!D8="", "", 'D1'!D8), "") -> 42871.549 | F11: =IFERROR(IF('D1'!E8="", "", 'D1'!E8), "") -> 42871.557 | G11: =IFERROR(IF('D1'!F8="", "", 'D1'!F8), "") -> 42877.422 | H11: =IFERROR(IF('D1'!G8="", "", 'D1'!G8), "") -> 42881.539 | I11: =IFERROR(IF('D1'!H8="", "", 'D1'!H8), "") -> 42893
B12: =IFERROR(IF('D1'!A9="", "", 'D1'!A9), "") -> 76c6e866289321a7c93b82b54852dc33 | C12: =IFERROR(IF('D1'!B9="", "", 'D1'!B9), "") -> f54a9f0e6b351c431402b8461ea51999 | D12: =IFERROR(IF('D1'!C9="", "", 'D1'!C9), "") -> delivered | E12: =IFERROR(IF('D1'!D9="", "", 'D1'!D9), "") -> 42758.77 | F12: =IFERROR(IF('D1'!E9="", "", 'D1'!E9), "") -> 42760.119 | G12: =IFERROR(IF('D1'!F9="", "", 'D1'!F9), "") -> 42761.595 | H12: =IFERROR(IF('D1'!G9="", "", 'D1'!G9), "") -> 42768.589 | I12: =IFERROR(IF('D1'!H9="", "", 'D1'!H9), "") -> 42800
B13: =IFERROR(IF('D1'!A10="", "", 'D1'!A10), "") -> e69bfb5eb88e0ed6a785585b27e16dbf | C13: =IFERROR(IF('D1'!B10="", "", 'D1'!B10), "") -> 31ad1d1b63eb9962463f764d4e6e0c9d | D13: =IFERROR(IF('D1'!C10="", "", 'D1'!C10), "") -> delivered | E13: =IFERROR(IF('D1'!D10="", "", 'D1'!D10), "") -> 42945.497 | F13: =IFERROR(IF('D1'!E10="", "", 'D1'!E10), "") -> 42945.504 | G13: =IFERROR(IF('D1'!F10="", "", 'D1'!F10), "") -> 42957.823 | H13: =IFERROR(IF('D1'!G10="", "", 'D1'!G10), "") -> 42963.718 | I13: =IFERROR(IF('D1'!H10="", "", 'D1'!H10), "") -> 42970
B14: =IFERROR(IF('D1'!A11="", "", 'D1'!A11), "") -> e6ce16cb79ec1d90b1da9085a6118aeb | C14: =IFERROR(IF('D1'!B11="", "", 'D1'!B11), "") -> 494dded5b201313c64ed7f100595b95c | D14: =IFERROR(IF('D1'!C11="", "", 'D1'!C11), "") -> delivered | E14: =IFERROR(IF('D1'!D11="", "", 'D1'!D11), "") -> 42871.82 | F14: =IFERROR(IF('D1'!E11="", "", 'D1'!E11), "") -> 42871.827 | G14: =IFERROR(IF('D1'!F11="", "", 'D1'!F11), "") -> 42873.487 | H14: =IFERROR(IF('D1'!G11="", "", 'D1'!G11), "") -> 42884.471 | I14: =IFERROR(IF('D1'!H11="", "", 'D1'!H11), "") -> 42893
B15: =IFERROR(IF('D1'!A12="", "", 'D1'!A12), "") -> 34513ce0c4fab462a55830c0989c7edb | C15: =IFERROR(IF('D1'!B12="", "", 'D1'!B12), "") -> 7711cf624183d843aafe81855097bc37 | D15: =IFERROR(IF('D1'!C12="", "", 'D1'!C12), "") -> delivered | E15: =IFERROR(IF('D1'!D12="", "", 'D1'!D12), "") -> 42929.832 | F15: =IFERROR(IF('D1'!E12="", "", 'D1'!E12), "") -> 42929.84 | G15: =IFERROR(IF('D1'!F12="", "", 'D1'!F12), "") -> 42930.78 | H15: =IFERROR(IF('D1'!G12="", "", 'D1'!G12), "") -> 42935.587 | I15: =IFERROR(IF('D1'!H12="", "", 'D1'!H12), "") -> 42955
B16: =IFERROR(IF('D1'!A13="", "", 'D1'!A13), "") -> 82566a660a982b15fb86e904c8d32918 | C16: =IFERROR(IF('D1'!B13="", "", 'D1'!B13), "") -> d3e3b74c766bc6214e0c830b17ee2341 | D16: =IFERROR(IF('D1'!C13="", "", 'D1'!C13), "") -> delivered | E16: =IFERROR(IF('D1'!D13="", "", 'D1'!D13), "") -> 43258.421 | F16: =IFERROR(IF('D1'!E13="", "", 'D1'!E13), "") -> 43260.134 | G16: =IFERROR(IF('D1'!F13="", "", 'D1'!F13), "") -> 43262.562 | H16: =IFERROR(IF('D1'!G13="", "", 'D1'!G13), "") -> 43270.504 | I16: =IFERROR(IF('D1'!H13="", "", 'D1'!H13), "") -> 43299
... B27: =IFERROR(IF('D1'!A24="", "", 'D1'!A24), "") | C27: =IFERROR(IF('D1'!B24="", "", 'D1'!B24), "") | D27: =IFERROR(IF('D1'!C24="", "", 'D1'!C24), "") | E27: =IFERROR(IF('D1'!D24="", "", 'D1'!D24), "") | F27: =IFERROR(IF('D1'!E24="", "", 'D1'!E24), "") | G27: =IFERROR(IF('D1'!F24="", "", 'D1'!F24), "") | H27: =IFERROR(IF('D1'!G24="", "", 'D1'!G24), "") | I27: =IFERROR(IF('D1'!H24="", "", 'D1'!H24), "")

Sheet D1
A1: order_id | B1: customer_id | C1: order_status | D1: order_purchase_timestamp | E1: order_approved_at | F1: order_delivered_carrier_date | G1: order_delivered_customer_date | H1: order_estimated_delivery_date
A2: e481f51cbdc54678b7cc49136f2d6af7 | B2: 9ef432eb6251297304e76186b10a928d | C2: delivered | D2: 43010.456 | E2: 43010.463 | F2: 43012.83 | G2: 43018.893 | H2: 43026
A3: 53cdb2fc8bc7dce0b6741e2150273451 | B3: b0830fb4747a6c6d20dea0b8c802d7ef | C3: delivered | D3: 43305.862 | E3: 43307.142 | F3: 43307.605 | G3: 43319.644 | H3: 43325
A4: 47770eb9100c2d0c44946d9cf07ec65d | B4: 41ce2a54c0b03bf3443c3d931a367089 | C4: delivered | D4: 43320.36 | E4: 43320.372 | F4: 43320.576 | G4: 43329.755 | H4: 43347
A5: 949d5b44dbf5de918fe9c16f97b45f8a | B5: f88197465ea7920adcdbec7375364d82 | C5: delivered | D5: 43057.811 | E5: 43057.824 | F5: 43061.569 | G5: 43071.02 | H5: 43084
A6: ad21c59c0840e6cb83a9ceb5573f8159 | B6: 8ab97904e6daea8866dbdbc4fb7aad2c | C6: delivered | D6: 43144.888 | E6: 43144.931 | F6: 43145.824 | G6: 43147.762 | H6: 43157
A7: a4591c265e18cb1dcee52889e2d8acc3 | B7: 503740e9ca751ccdda7ba28e9ab8f608 | C7: delivered | D7: 42925.915 | E7: 42925.924 | F7: 42927.624 | G7: 42942.457 | H7: 42948
A8: 6514b8ad8028c9f2cc2374ded245783f | B8: 9bdf08b4b3b52b5526ff42d37d47f222 | C8: delivered | D8: 42871.549 | E8: 42871.557 | F8: 42877.422 | G8: 42881.539 | H8: 42893
A9: 76c6e866289321a7c93b82b54852dc33 | B9: f54a9f0e6b351c431402b8461ea51999 | C9: delivered | D9: 42758.77 | E9: 42760.119 | F9: 42761.595 | G9: 42768.589 | H9: 42800
A10: e69bfb5eb88e0ed6a785585b27e16dbf | B10: 31ad1d1b63eb9962463f764d4e6e0c9d | C10: delivered | D10: 42945.497 | E10: 42945.504 | F10: 42957.823 | G10: 42963.718 | H10: 42970
A11: e6ce16cb79ec1d90b1da9085a6118aeb | B11: 494dded5b201313c64ed7f100595b95c | C11: delivered | D11: 42871.82 | E11: 42871.827 | F11: 42873.487 | G11: 42884.471 | H11: 42893
A12: 34513ce0c4fab462a55830c0989c7edb | B12: 7711cf624183d843aafe81855097bc37 | C12: delivered | D12: 42929.832 | E12: 42929.84 | F12: 42930.78 | G12: 42935.587 | H12: 42955
A13: 82566a660a982b15fb86e904c8d32918 | B13: d3e3b74c766bc6214e0c830b17ee2341 | C13: delivered | D13: 43258.421 | E13: 43260.134 | F13: 43262.562 | G13: 43270.504 | H13: 43299
... A21: 203096f03d82e0dffbc41ebc2e2bcfb7 | B21: d2b091571da224a1b36412c18bc3bbfe | C21: delivered | D21: 42996.605 | E21: 42997.17 | F21: 43014.743 | G21: 43017.933 | H21: 43006

Sheet P1
B6: ▣ 변수 목록
B7: 이름 | C7: 이름정의 (변수값) | D7: 초기값 | E7: 설명
B8: VS_ORD_STS | C8: delivered

Sheet MX-GRID 사용 안내
B2: ■ MX-GRID 예약어(이름 정의) | E2: 작성일 : 2024년 02월 19일 월
B4: MX-GRID는 웹 환경 하에 다양한 동작을 제어하기 위해 엑셀의 이름 정의 규칙을 활용하고 있습니다.
B5: 이름 규칙에 ??는 해당 이름으로 시작하는 모든 항목이 동일한 동작을 한다는 의미 입니다.
B7: 예약어 | C7: 동작 | D7: 비고 | E7: 지원 버전 (DataSet.maf)
B8: _AUTO_SIZE_?? | C8: MX-GRID 크기에 따라 가변적으로 변경될 Column과 Row 영역을 지정합니다. | D8: _AUTO_SIZE_로 시작하는 영역 전부를 이름 정의로 인식합니다. MX-GRID 의 크기가 변경될 경우, 지정된 영역의 크기를 조정합니다. Column과 Row의 최소 크기는 MX-GRID 디자이너에서 저장한 값입니다. MX-GRID의 크기가 증가할 때 셀의 크기를 자동으로 조정합니다.
B9: _RESIZE_AREA_?? | C9: MX-GRID 에서 마우스로 크기를 조정할 영역을 지정합니다. | D9: 범위에 해당하는 MX-GRID 내 셀의 크기를 마우스로 조정할 수 있습니다.
B10: _RESIZE_ROW_?? | C10: MX-GRID 에서 마우스로 높이를 조정할 Row 영역을 지정합니다. | D10: MX-GRID 내 지정된 Row 영역의 높이를 마우스로 조정할 수 있습니다.
B11: _RESIZE_COLUMN_? | C11: MX-GRID 에서 마우스로 너비를 조정할 Column 영역을 지정합니다. | D11: MX-GRID 내 지정된 Column 영역의 너비를 마우스로 조정할 수 있습니다.
B12: _VIEW_RANGE_?? | C12: 출력 대상 시트에서 화면에 출력할 영역을 지정합니다. | D12: 시트 상의 지정한 영역만 화면으로 출력합니다.
B13: _C_?? | C13: 지정한 컨트롤을 현재 셀의 위치에 배치합니다. | D13: "_C_" + "컨트롤 이름" 의 형식으로 이름 정의를 생성하면 i-AUD 보고서 내 이름이 동일한 컨트롤을 찾아 해당 셀의 위치에 배치합니다. 이때, 컨트롤 이름과 일치하는 내용을 찾지 못할 경우 Textbox를 생성합니다. 이 예약어는 컨트롤의 배치를 MX-GRID 로 제어하는 경우 혹은 입력 폼 생성을 위해 사용합니다.
B14: _D_?? | C14: 데이터 셋의 영역을 지정합니다. 해당 영역의 데이터는 MX-GRID 조회 시 Client로 전달 됩니다. | D14: 컨트롤 생성 규칙에서 헤더 영역을 제외하고 동일한 이름으로 지정할 경우 (eg. _C_VS_CODE , _D_VS_CODE) i-AUD 에서 생성한 컨트롤의 데이터셋을 _D_? 로 지정한 영역의 셀 목록값으로 설정합니다. 보고서 Client Script 에서 MXGRID.getDataTable(name) 을 반환합니다.
B15: _PROTECT_ | C15: 예약어가 포함된 시트를 CRUD 대상으로 지정합니다. | D15: [시트 보호] 기능과 동일하게 동작합니다. 시트 내부에 예약어가 존재할 경우 편집 가능한 셀(셀-셀 서식-보호-잠금 해제)에 CRUD 기능이 적용됩니다. | E15: 7.0.400.13
B16: _PROTECT2_ | C16: 예약어가 포함된 시트를 CRUD 대상으로 지정합니다. | D16: [시트 보호] 기능과 동일하게 동작합니다. 시트 내부에 예약어가 존재할 경우 전체 셀에 CRUD 기능이 적용됩니다. | E16: 7.0.400.13
B17: CRUD_?? | C17: CRUD 데이터 테이블의 시작 위치를 지정합니다. | D17: CRUD 데이터 테이블의 시작 위치를 지정합니다. | E17: 7.0.400.13
B18: _EXPORT_SHEETS_ | C18: 지정한 시트를 Export 대상으로 설정합니다. | D18: Export 대상 시트명을 ","로 분리하여 입력할 경우, 화면 상의 조회 대상 시트와 내보내기 대상 시트를 구분합니다. | E18: 7.0.400.65
B19: _IGNORE_SHEET_ | C19: 예약어가 포함된 시트를 Export 대상에서 제외합니다. | D19: 내부에 예약어가 존재하는 시트를 실제 화면 표시, 내보내기, 연산 등의 작업에서 제외합니다. | E19: 7.0.400.100
B20: _DS_?? | C20: i-AUD 내 데이터소스를 시트에 출력합니다. | D20: i-AUD 보고서 내 저장된 데이터 소스를 실행하여 시트에 출력하며, 해당 데이터가 출력될 시작셀에 이름을 지정합니다. (eg. _DS_Data1, _DS_Data2) | E20: 7.0.500.37
B23: ■ MX-GRID 전용 함수(AUD_xxx) | E23: 작성일 : 2023년 06월 14일 수
B25: MX-GRID는 AUD_xxx 시작하는 전용 함수를 제공하여 화면 상의 특정 기능을 제공합니다.
B27: 전용 함수 | C27: 동작 | D27: 비고 | E27: 지원 버전 (DataSet.maf)
B28: AUD_HIDE_COLUMNS | C28: 지정한 Column 영역을 숨깁니다. 범위를 설정하지 않을 경우 현재 Column을 숨깁니다. | D28: 함수 원형 : AUD_HIDE_COLUMNS(condition As Boolean, [range As range]) As String ＊2022-07-06 | E28: 7.0.300.15
B29: AUD_HIDE_ROWS | C29: 지정한 Row 영역을 숨김니다. 범위를 설정하지 않을 경우 현재 Row를 숨깁니다. | D29: 함수 원형 : AUD_HIDE_ROWS(condition As Boolean, [range As range]) As String ＊2022-07-06 | E29: 7.0.300.15
B30: AUD_IMAGE | C30: 이미지를 셀에 출력합니다. 출력하고자 하는 이미지가 reports/WEB_IMAGES 하위 경로 또는 reports 하위 경로에 존재할 때는 이미지의 파일 명을 입력합니다. 엑셀 내 이미지를 참조할 때는 콜른(:)을 사용합니다. eg. AUD_IMAGE(":Image1") | D30: 함수 원형 : AUD_IMAGE(imageName As Variant) ＊2022-07-06 | E30: 7.0.300.15
B31: AUD_PROPERTY | C31: 지정한 셀에 Client Script API로 접근 가능한 속성을 생성합니다. 해당 값에 접근하는 방법은 아래와 같습니다. var OniGridCellClick = function(sender, args){ if(args.Cell.getProperty(""ITEM1"")){ var arrMsg = []; arrMsg.push(""ITEM 1 = "" + args.Cell.getProperty(""ITEM1"")); arrMsg.push(""ITEM 2 = "" + args.Cell.getProperty(""ITEM2"")); arrMsg.push(""ITEM 3 = "" + args.Cell.getProperty(""ITEM3"")); arrMsg.push(""ITEM 4 = "" + args.Cell.getProperty(""ITEM4"")); alert(arrMsg.join(""\n"")); } };" | D31: 함수 원형 : AUD_PROPERTY(cellText As String, [propName1 As Variant], [propValue1 As Variant], [propName2 As Variant], [propValue2 As Variant]) * 2022-07-19 | E31: 7.0.300.15
B32: AUD_TEMPLATE_BINDING | C32: 지정한 영역을 데이터 바인딩 시의 템플릿으로 사용합니다. 이 함수를 사용한 셀의 Column/Row 값에 1을 더한 범위부터 템플릿화 된 데이터를 출력합니다. formulaRange : 데이터의 필드 명 또는 수식을 지정한 영역을 설정합니다. styleRange : 스타일 영역, 셀의 스타일을 지정할 영역을 설정합니다. alternativeStyleRange : 반복행의 스타일 영역을 설정합니다. | D32: 함수 원형 : AUD_TEMPLATE_BINDING(formulaRange As Variant, styleRange As Variant, [alternativeStyleRange As Variant]) * 2022-07-19 | E32: 7.0.300.15
B33: AUD_CHECK_BOX | C33: 지정한 셀에 CheckBox를 생성합니다. (MX-GRID 에서만 동작 합니다.) text : CheckBox의 텍스트 value : CheckBox의 초기 값 linkRanges : CheckBox의 값이 변경 시 업데이트 할 셀 단일 셀 지정 시 셀의 값을 CheckBox의 값으로 업데이트 합니다. 영역 지정 시 영역 내 CheckBox의 상태를 현재 CheckBox의 상태로 업데이트 합니다. (전체 선택 기능) ststus가 기입되지 않으면 linkRanges 의 모든 값을 CheckBox의 값과 비교하여 동일한 경우 선택 상태가 됩니다. status : CheckBox의 선택 여부를 가져올 값 (0:false, 1:true, -1:mix) | D33: 함수 원형 : AUD_CHECK_BOX(text As Variant, value As Variant, [linkCell As range], [status As Integer]) * 2022-07-19 | E33: 7.0.300.36
B34: AUD_RADIO_BUTTON | C34: 지정한 셀에 RadioButton을 생성합니다. (MX-GRID 에서만 동작 합니다.) text : RadioButton의 텍스트 value : RadioButton의 값 linkCell : RadioButton의 값이 변경될 경우 업데이트 할 셀 해당 셀의 값이 현재 RadioButton의 값과 동일할 경우 체크합니다. | D34: 함수 원형 : AUD_RADIO_BUTTON(text As Variant, value As Variant, [linkCell As range]) * 2022-07-19 | E34: 7.0.300.36
B35: AUD_PROTECT | C35: 지정한 셀을 수정할 수 없도록 잠급니다. range1 : 잠금 대상 셀의 영역 또는 주소값 range2..? : 잠금 대상 셀의 영역 또는 주소값 | D35: 함수 원형 : AUD_PROTECT(range1 As Variant, [range2 As Variant], [range3 As Variant], [range4 As Variant]) As String * 2023-02-08 | E35: 7.0.400.14
B36: AUD_PROTECT_INDIRECT | C36: 지정한 셀을 수정할 수 없도록 잠급니다. range1 : 잠금 대상 셀의 주소값을 가지는 영역 또는 주소값 range2..? : 잠금 대상 셀의 주소값을 가지는 영역 또는 주소값 | D36: 함수 원형 : AUD_PROTECT_INDIRECT(range1 As Variant, [range2 As Variant], [range3 As Variant], [range4 As Variant]) As String * 2023-02-08 | E36: 7.0.400.14
B37: AUD_EXPAND_ROW | C37: 지정한 ROW 영역에 확장/축소 버튼을 생성합니다. isExpand : 확장 상태로 표시할지 여부 range1 : 확장, 축소 대상 Row range2..?: 확장, 축소 대상 Row | D37: 함수 원형 : AUD_EXPAND_ROW(isExpand As Boolean, range1 As Variant, [range2 As Variant], [range3 As Variant]) As String * 2023-02-10 | E37: 7.0.400.14
B38: AUD_EXPAND_COLUMN | C38: 지정한 COLUMN 영역에 확장/축소 버튼을 생성합니다. isExpand : 확장 상태로 표시할지 여부 range1 : 확장, 축소 대상 Column range2..?: 확장, 축소 대상 Column | D38: 함수 원형 : AUD_EXPAND_COLUMN(isExpand As Boolean, range1 As Variant, [range2 As Variant], [range3 As Variant]) As String * 2023-02-10 | E38: 7.0.400.14
B39: AUD_ISMODIFIED | C39: 지정한 범위 내 셀의 수정 여부를 반환합니다. range1 ~ range? : 수정 여부를 점검할 셀 범위 정보 | D39: 함수 원형 : AUD_ISMODIFIED(range1 As Variant, [range2 As Variant], [range3 As Variant], [range4 As Variant]) As String * 2023-03-19 | E39: 7.0.400.24
